{
    "model": {
        "exact": 77.65518403099469, 
        "f1": 81.00504254063162, 
        "total": 11873, 
        "HasAns_exact": 77.71592442645074, 
        "HasAns_f1": 84.42524799003385, 
        "HasAns_total": 5928, 
        "NoAns_exact": 77.5946173254836, 
        "NoAns_f1": 77.5946173254836, 
        "NoAns_total": 5945, 
        "best_exact": 77.65518403099469, 
        "best_exact_thresh": 0.0, 
        "best_f1": 81.00504254063145, 
        "best_f1_thresh": 0.0
    }
}