{
    "epoch-0": {
        "exact": 77.60279734987907,
        "f1": 82.96943004704501,
        "total": 38036,
        "HasAns_exact": 60.95847013420886,
        "HasAns_f1": 72.71615928053329,
        "HasAns_total": 17361,
        "NoAns_exact": 91.57920193470375,
        "NoAns_f1": 91.57920193470375,
        "NoAns_total": 20675,
        "best_exact": 77.60279734987907,
        "best_exact_thresh": 0.0,
        "best_f1": 82.96680095881423,
        "best_f1_thresh": 0.0
    },
    "epoch-1": {
        "exact": 79.70606793563992,
        "f1": 84.97114075089027,
        "total": 38036,
        "HasAns_exact": 64.1552905938598,
        "HasAns_f1": 75.69047345203626,
        "HasAns_total": 17361,
        "NoAns_exact": 92.76420798065297,
        "NoAns_f1": 92.76420798065297,
        "NoAns_total": 20675,
        "best_exact": 79.70869702387212,
        "best_exact_thresh": 0.0,
        "best_f1": 84.97114075089175,
        "best_f1_thresh": 0.0
    },
    "epoch-2": {
        "exact": 80.73404143443054,
        "f1": 86.04854183547366,
        "total": 38036,
        "HasAns_exact": 65.36489833534935,
        "HasAns_f1": 77.00837147940841,
        "HasAns_total": 17361,
        "NoAns_exact": 93.63966142684401,
        "NoAns_f1": 93.63966142684401,
        "NoAns_total": 20675,
        "best_exact": 80.73667052266273,
        "best_exact_thresh": 0.0,
        "best_f1": 86.04854183547515,
        "best_f1_thresh": 0.0
    }
}