{
    "epoch-0": {
        "exact": 78.04974234935324, 
        "f1": 83.39929618661161, 
        "total": 38036, 
        "HasAns_exact": 62.90536259432061, 
        "HasAns_f1": 74.6256338778821, 
        "HasAns_total": 17361, 
        "NoAns_exact": 90.76662636033858, 
        "NoAns_f1": 90.76662636033858, 
        "NoAns_total": 20675, 
        "best_exact": 78.04711326112104, 
        "best_exact_thresh": 0.0, 
        "best_f1": 83.39666709838097, 
        "best_f1_thresh": 0.0
    }
}